測定局コード,日付,時,SO2(ppm),NO(ppm),NO2(ppm),NOx(ppm),CO(ppm),Ox(ppm),NMHC(ppmC),CH4(ppmC),THC(ppmC),SPM(mg/m3),PM2.5(μg/m3),SP(mg/m3),WD(16Dir),WS(m/s),TEMP(℃),HUM(％)
43205160,2025/09/01,01,0.001,0,0.001,0.001,,0.005,,,,0.007,1,,,,,
43205160,2025/09/01,02,0.001,0,0.001,0.001,,0.005,,,,0.013,2,,,,,
43205160,2025/09/01,03,0.001,0,0.001,0.001,,0.004,,,,0.006,7,,,,,
43205160,2025/09/01,04,0.001,0,0.001,0.001,,0.005,,,,0.007,11,,,,,
43205160,2025/09/01,05,0.001,0,0.001,0.001,,0.005,,,,0.011,11,,,,,
43205160,2025/09/01,06,0.001,0,0.001,0.001,,0.004,,,,0.011,0,,,,,
43205160,2025/09/01,07,0.003,0.001,0.001,0.002,,0.004,,,,0.013,16,,,,,
43205160,2025/09/01,08,0.010,0.001,0.001,0.002,,0.007,,,,0.013,9,,,,,
43205160,2025/09/01,09,0.009,0.001,0.001,0.002,,0.009,,,,0.016,9,,,,,
43205160,2025/09/01,10,0.004,0.001,0.001,0.002,,0.011,,,,0.012,4,,,,,
43205160,2025/09/01,11,0.002,0.001,0.001,0.002,,0.013,,,,0.015,4,,,,,
43205160,2025/09/01,12,0.001,0.001,0.001,0.002,,0.015,,,,0.008,11,,,,,
43205160,2025/09/01,13,0.002,0.001,0.001,0.002,,0.017,,,,0.020,11,,,,,
43205160,2025/09/01,14,0.003,0.001,0.002,0.003,,0.018,,,,0.013,1,,,,,
43205160,2025/09/01,15,0.001,0.001,0.001,0.002,,0.018,,,,0.007,15,,,,,
43205160,2025/09/01,16,0.001,0.001,0.001,0.002,,0.014,,,,0.015,5,,,,,
43205160,2025/09/01,17,0.003,0.001,0.001,0.002,,0.014,,,,0.020,5,,,,,
43205160,2025/09/01,18,0.002,0.001,0.001,0.002,,0.014,,,,0.026,8,,,,,
43205160,2025/09/01,19,0.012,0.001,0.002,0.003,,0.013,,,,0.023,6,,,,,
43205160,2025/09/01,20,0.008,0,0.002,0.002,,0.013,,,,0.011,6,,,,,
43205160,2025/09/01,21,0.001,0,0.002,0.002,,0.009,,,,0.008,7,,,,,
43205160,2025/09/01,22,0.001,0,0.002,0.002,,0.006,,,,0.010,9,,,,,
43205160,2025/09/01,23,0.001,0,0.001,0.001,,0.008,,,,0.008,11,,,,,
43205160,2025/09/01,24,0.002,0,0.001,0.001,,0.008,,,,0.012,0,,,,,
43205160,2025/09/02,01,0.002,0,0.001,0.001,,0.007,,,,0.011,0,,,,,
43205160,2025/09/02,02,0.001,0,0.001,0.001,,0.007,,,,0.010,8,,,,,
43205160,2025/09/02,03,0.003,0,0.001,0.001,,0.006,,,,0.015,9,,,,,
43205160,2025/09/02,04,0.003,0,0.002,0.002,,0.005,,,,0.012,10,,,,,
43205160,2025/09/02,05,0.013,0,0.002,0.002,,0.007,,,,0.016,9,,,,,
43205160,2025/09/02,06,0.008,0,0.002,0.002,,0.007,,,,0.016,8,,,,,
43205160,2025/09/02,07,0.007,0,0.001,0.001,,0.008,,,,0.015,8,,,,,
43205160,2025/09/02,08,0.010,0.001,0.001,0.002,,0.010,,,,0.014,10,,,,,
43205160,2025/09/02,09,0.015,0.001,0.001,0.002,,0.013,,,,0.012,10,,,,,
43205160,2025/09/02,10,0.020,0.001,0.001,0.002,,0.015,,,,0.020,16,,,,,
43205160,2025/09/02,11,-,-,-,-,,-,,,,-,16,,,,,
43205160,2025/09/02,12,0.013,0.001,0.001,0.002,,-,,,,-,-,,,,,
43205160,2025/09/02,13,0.009,0,0.001,0.001,,-,,,,0.026,16,,,,,
43205160,2025/09/02,14,0.008,0,0.001,0.001,,-,,,,0.022,21,,,,,
43205160,2025/09/02,15,0.007,0.001,0.002,0.003,,0.019,,,,0.029,26,,,,,
43205160,2025/09/02,16,0.006,0.001,0.002,0.003,,0.021,,,,0.032,20,,,,,
43205160,2025/09/02,17,0.003,0,0.002,0.002,,0.022,,,,0.019,16,,,,,
43205160,2025/09/02,18,0.001,0,0.001,0.001,,0.022,,,,0.011,13,,,,,
43205160,2025/09/02,19,0.001,0,0.001,0.001,,0.021,,,,0.014,4,,,,,
43205160,2025/09/02,20,0.001,0,0.002,0.002,,0.014,,,,0.013,16,,,,,
43205160,2025/09/02,21,0.001,0,0.002,0.002,,0.011,,,,0.014,15,,,,,
43205160,2025/09/02,22,0,0,0.002,0.002,,0.008,,,,0.015,4,,,,,
43205160,2025/09/02,23,0,0,0.002,0.002,,0.006,,,,0.018,4,,,,,
43205160,2025/09/02,24,0,0,0.002,0.002,,0.005,,,,0.020,8,,,,,
43205160,2025/09/03,01,0,0,0.001,0.001,,0.004,,,,0.020,20,,,,,
43205160,2025/09/03,02,0,0,0.001,0.001,,0.002,,,,0.021,13,,,,,
43205160,2025/09/03,03,0,0,0.001,0.001,,0.002,,,,0.019,14,,,,,
43205160,2025/09/03,04,0,0.001,0.002,0.003,,0.002,,,,0.016,8,,,,,
43205160,2025/09/03,05,0,0.001,0.002,0.003,,0.002,,,,0.014,7,,,,,
43205160,2025/09/03,06,0,0.001,0.002,0.003,,0.003,,,,0.017,12,,,,,
43205160,2025/09/03,07,0,0.002,0.002,0.004,,0.002,,,,0.020,6,,,,,
43205160,2025/09/03,08,0,0.001,0.001,0.002,,0.006,,,,0.022,16,,,,,
43205160,2025/09/03,09,0.001,0.001,0.001,0.002,,0.014,,,,0.026,18,,,,,
43205160,2025/09/03,10,0.001,0.001,0.002,0.003,,0.019,,,,0.033,21,,,,,
43205160,2025/09/03,11,0.001,0.001,0.002,0.003,,0.030,,,,0.032,21,,,,,
43205160,2025/09/03,12,0.001,0,0.002,0.002,,0.038,,,,0.034,12,,,,,
43205160,2025/09/03,13,0.001,0,0.002,0.002,,0.047,,,,0.033,21,,,,,
43205160,2025/09/03,14,0.002,0,0.002,0.002,,0.055,,,,0.039,31,,,,,
43205160,2025/09/03,15,0.002,0,0.002,0.002,,0.044,,,,0.028,22,,,,,
43205160,2025/09/03,16,0.002,0,0.001,0.001,,0.040,,,,0.027,22,,,,,
43205160,2025/09/03,17,0.001,0,0.002,0.002,,0.034,,,,0.026,17,,,,,
43205160,2025/09/03,18,0.001,0,0.003,0.003,,0.034,,,,0.016,10,,,,,
43205160,2025/09/03,19,0.002,0,0.003,0.003,,0.029,,,,0.024,13,,,,,
43205160,2025/09/03,20,0.001,0,0.002,0.002,,0.018,,,,0.023,17,,,,,
43205160,2025/09/03,21,0,0,0.002,0.002,,0.012,,,,0.011,12,,,,,
43205160,2025/09/03,22,0,0,0.001,0.001,,0.007,,,,0.004,2,,,,,
43205160,2025/09/03,23,0,0,0.001,0.001,,0.009,,,,0.005,0,,,,,
43205160,2025/09/03,24,0,0,0.001,0.001,,0.008,,,,0.002,0,,,,,
43205160,2025/09/04,01,0,0,0.001,0.001,,0.008,,,,0.003,4,,,,,
43205160,2025/09/04,02,0,0,0.001,0.001,,0.007,,,,0.001,1,,,,,
43205160,2025/09/04,03,0,0,0.002,0.002,,0.005,,,,0.004,2,,,,,
43205160,2025/09/04,04,0,0,0.002,0.002,,0.004,,,,0.002,5,,,,,
43205160,2025/09/04,05,0,0,0.002,0.002,,0.005,,,,0.001,4,,,,,
43205160,2025/09/04,06,0,0,0.002,0.002,,0.007,,,,0.003,0,,,,,
43205160,2025/09/04,07,0,0,0.001,0.001,,0.007,,,,0.002,13,,,,,
43205160,2025/09/04,08,0,0.001,0.001,0.002,,0.007,,,,0.003,0,,,,,
43205160,2025/09/04,09,0,0.001,0.001,0.002,,0.009,,,,0.003,0,,,,,
43205160,2025/09/04,10,0,0.001,0.001,0.002,,0.009,,,,0.003,3,,,,,
43205160,2025/09/04,11,0,0.001,0.002,0.003,,0.009,,,,0.003,0,,,,,
43205160,2025/09/04,12,0,0.002,0.003,0.005,,0.008,,,,0.007,1,,,,,
43205160,2025/09/04,13,0,0.001,0.002,0.003,,0.008,,,,0.006,0,,,,,
43205160,2025/09/04,14,0,0.001,0.002,0.003,,0.009,,,,0.007,11,,,,,
43205160,2025/09/04,15,0,0.001,0.002,0.003,,0.010,,,,0.003,0,,,,,
43205160,2025/09/04,16,0,0.002,0.002,0.004,,0.010,,,,0.006,3,,,,,
43205160,2025/09/04,17,0,0.001,0.002,0.003,,0.011,,,,0.006,1,,,,,
43205160,2025/09/04,18,0.001,0,0.001,0.001,,0.012,,,,0.002,0,,,,,
43205160,2025/09/04,19,0.001,0,0.002,0.002,,0.011,,,,0.002,1,,,,,
43205160,2025/09/04,20,0.001,0,0.001,0.001,,0.011,,,,0.002,3,,,,,
43205160,2025/09/04,21,0,0.001,0.003,0.004,,0.010,,,,0.005,8,,,,,
43205160,2025/09/04,22,0,0,0.003,0.003,,0.007,,,,0.005,4,,,,,
43205160,2025/09/04,23,0,0.001,0.002,0.003,,0.005,,,,0.006,7,,,,,
43205160,2025/09/04,24,0,0.001,0.002,0.003,,0.002,,,,0.007,2,,,,,
43205160,2025/09/05,01,0,0.001,0.002,0.003,,0.001,,,,0.007,4,,,,,
43205160,2025/09/05,02,-,-,-,-,,-,,,,0.004,5,,,,,
43205160,2025/09/05,03,0,0.001,0.002,0.003,,0.002,,,,0.004,5,,,,,
43205160,2025/09/05,04,0,0,0.001,0.001,,0.003,,,,0.004,2,,,,,
43205160,2025/09/05,05,0,0.001,0.002,0.003,,0.002,,,,0.008,6,,,,,
43205160,2025/09/05,06,0,0.001,0.002,0.003,,0.002,,,,0.006,2,,,,,
43205160,2025/09/05,07,0,0.002,0.001,0.003,,0.002,,,,0.007,5,,,,,
43205160,2025/09/05,08,0,0.002,0.001,0.003,,0.004,,,,0.006,7,,,,,
43205160,2025/09/05,09,0,0.002,0.002,0.004,,0.009,,,,0.004,6,,,,,
43205160,2025/09/05,10,0,0.001,0.002,0.003,,0.026,,,,0.012,9,,,,,
43205160,2025/09/05,11,0,0.001,0.001,0.002,,0.032,,,,0.011,5,,,,,
43205160,2025/09/05,12,0.001,0.001,0.002,0.003,,0.036,,,,0.010,14,,,,,
43205160,2025/09/05,13,0,0,0.001,0.001,,0.035,,,,0.008,4,,,,,
43205160,2025/09/05,14,0,0,0.001,0.001,,0.039,,,,0.011,9,,,,,
43205160,2025/09/05,15,0,0,0.001,0.001,,0.042,,,,0.010,1,,,,,
43205160,2025/09/05,16,0,0.001,0.002,0.003,,0.045,,,,0.010,16,,,,,
43205160,2025/09/05,17,0,0,0.001,0.001,,0.035,,,,0.007,4,,,,,
43205160,2025/09/05,18,0,0,0.001,0.001,,0.041,,,,0.012,11,,,,,
43205160,2025/09/05,19,0,0,0.001,0.001,,0.041,,,,0.015,9,,,,,
43205160,2025/09/05,20,0.002,0,0.002,0.002,,0.037,,,,0.017,8,,,,,
43205160,2025/09/05,21,0,0,0.002,0.002,,0.024,,,,0.016,3,,,,,
43205160,2025/09/05,22,0,0,0.002,0.002,,0.014,,,,0.015,8,,,,,
43205160,2025/09/05,23,0,0,0.002,0.002,,0.011,,,,0.016,11,,,,,
43205160,2025/09/05,24,0,0,0.002,0.002,,0.008,,,,0.015,4,,,,,
43205160,2025/09/06,01,0,0,0.002,0.002,,0.007,,,,0.015,6,,,,,
43205160,2025/09/06,02,0,0,0.001,0.001,,0.006,,,,0.016,10,,,,,
43205160,2025/09/06,03,0,0,0.001,0.001,,0.007,,,,0.016,14,,,,,
43205160,2025/09/06,04,0,0,0.001,0.001,,0.005,,,,0.016,9,,,,,
43205160,2025/09/06,05,0,0,0.001,0.001,,0.005,,,,0.018,5,,,,,
43205160,2025/09/06,06,0,0,0.002,0.002,,0.004,,,,0.017,20,,,,,
43205160,2025/09/06,07,0,0.001,0.002,0.003,,0.006,,,,0.017,10,,,,,
43205160,2025/09/06,08,0,0.001,0.001,0.002,,0.009,,,,0.017,0,,,,,
43205160,2025/09/06,09,0,0.001,0.001,0.002,,0.027,,,,0.019,4,,,,,
43205160,2025/09/06,10,0.001,0,0.001,0.001,,0.035,,,,0.022,7,,,,,
43205160,2025/09/06,11,0.001,0,0.001,0.001,,0.039,,,,0.016,13,,,,,
43205160,2025/09/06,12,0,0.001,0.001,0.002,,0.041,,,,0.012,15,,,,,
43205160,2025/09/06,13,0,0,0.001,0.001,,0.040,,,,0.016,13,,,,,
43205160,2025/09/06,14,0,0,0.001,0.001,,0.039,,,,0.014,8,,,,,
43205160,2025/09/06,15,0,0,0.001,0.001,,0.037,,,,0.015,8,,,,,
43205160,2025/09/06,16,0,0,0.001,0.001,,0.036,,,,0.013,9,,,,,
43205160,2025/09/06,17,0,0,0.001,0.001,,0.035,,,,0.014,12,,,,,
43205160,2025/09/06,18,0,0,0.001,0.001,,0.033,,,,0.013,12,,,,,
43205160,2025/09/06,19,0.006,0,0.001,0.001,,0.033,,,,0.017,9,,,,,
43205160,2025/09/06,20,0.005,0,0.002,0.002,,0.028,,,,0.017,11,,,,,
43205160,2025/09/06,21,0,0,0.001,0.001,,0.018,,,,0.015,16,,,,,
43205160,2025/09/06,22,0,0,0.001,0.001,,0.013,,,,0.013,7,,,,,
43205160,2025/09/06,23,0,0,0.001,0.001,,0.012,,,,0.012,1,,,,,
43205160,2025/09/06,24,0,0,0.001,0.001,,0.010,,,,0.013,7,,,,,
43205160,2025/09/07,01,0,0,0.001,0.001,,0.011,,,,0.012,11,,,,,
43205160,2025/09/07,02,0,0,0.001,0.001,,0.012,,,,0.011,2,,,,,
43205160,2025/09/07,03,0,0,0.001,0.001,,0.009,,,,0.013,7,,,,,
43205160,2025/09/07,04,0,0,0.001,0.001,,0.008,,,,0.010,7,,,,,
43205160,2025/09/07,05,0,0,0.001,0.001,,0.007,,,,0.008,6,,,,,
43205160,2025/09/07,06,0,0,0.001,0.001,,0.007,,,,0.009,11,,,,,
43205160,2025/09/07,07,0,0,0.001,0.001,,0.008,,,,0.010,4,,,,,
43205160,2025/09/07,08,0,0,0.001,0.001,,0.010,,,,0.009,5,,,,,
43205160,2025/09/07,09,0.001,0,0.001,0.001,,0.018,,,,0.012,0,,,,,
43205160,2025/09/07,10,0,0,0.001,0.001,,0.022,,,,0.011,7,,,,,
43205160,2025/09/07,11,0,0,0.001,0.001,,0.024,,,,0.014,5,,,,,
43205160,2025/09/07,12,0,0,0.001,0.001,,0.024,,,,0.012,13,,,,,
43205160,2025/09/07,13,0.001,0,0.001,0.001,,0.022,,,,0.019,8,,,,,
43205160,2025/09/07,14,0,0,0,0,,0.020,,,,0.022,15,,,,,
43205160,2025/09/07,15,0,0,0.001,0.001,,0.020,,,,0.026,19,,,,,
43205160,2025/09/07,16,0.001,0,0.001,0.001,,0.018,,,,0.018,20,,,,,
43205160,2025/09/07,17,0,0,0,0,,0.015,,,,0.011,1,,,,,
43205160,2025/09/07,18,0,0,0,0,,0.015,,,,0.011,10,,,,,
43205160,2025/09/07,19,0.002,0,0.001,0.001,,0.014,,,,0.014,0,,,,,
43205160,2025/09/07,20,0.012,0.001,0.002,0.003,,0.012,,,,0.011,7,,,,,
43205160,2025/09/07,21,0,0,0.001,0.001,,0.008,,,,0.008,8,,,,,
43205160,2025/09/07,22,0,0,0.001,0.001,,0.005,,,,0.011,0,,,,,
43205160,2025/09/07,23,0,0,0.001,0.001,,0.005,,,,0.008,4,,,,,
43205160,2025/09/07,24,0,0,0.001,0.001,,0.005,,,,0.008,0,,,,,
43205160,2025/09/08,01,0,0,0.001,0.001,,0.005,,,,0.005,1,,,,,
43205160,2025/09/08,02,0,0,0.001,0.001,,0.007,,,,0.005,0,,,,,
43205160,2025/09/08,03,0,0,0.001,0.001,,0.006,,,,0.007,0,,,,,
43205160,2025/09/08,04,0,0,0.001,0.001,,0.006,,,,0.007,5,,,,,
43205160,2025/09/08,05,0,0,0.001,0.001,,0.005,,,,0.010,4,,,,,
43205160,2025/09/08,06,0,0,0.001,0.001,,0.005,,,,0.009,3,,,,,
43205160,2025/09/08,07,0,0.001,0.001,0.002,,0.005,,,,0.008,0,,,,,
43205160,2025/09/08,08,0,0.002,0.001,0.003,,0.006,,,,0.008,0,,,,,
43205160,2025/09/08,09,0,0.001,0.001,0.002,,0.013,,,,0.008,3,,,,,
43205160,2025/09/08,10,0,0.001,0.001,0.002,,0.018,,,,0.001,7,,,,,
43205160,2025/09/08,11,0,0.001,0.001,0.002,,0.019,,,,0.007,3,,,,,
43205160,2025/09/08,12,0,0.001,0.001,0.002,,0.021,,,,0.006,5,,,,,
43205160,2025/09/08,13,0,0,0.001,0.001,,0.021,,,,0.008,0,,,,,
43205160,2025/09/08,14,0,0.001,0.001,0.002,,0.020,,,,0.007,4,,,,,
43205160,2025/09/08,15,0,0,0.001,0.001,,0.020,,,,0.008,4,,,,,
43205160,2025/09/08,16,0.001,0,0.001,0.001,,0.021,,,,0.006,9,,,,,
43205160,2025/09/08,17,0,0,0.001,0.001,,0.019,,,,0.007,7,,,,,
43205160,2025/09/08,18,0.001,0,0.001,0.001,,0.018,,,,0.007,4,,,,,
43205160,2025/09/08,19,0.004,0,0.001,0.001,,0.017,,,,0.008,7,,,,,
43205160,2025/09/08,20,0.004,0,0.002,0.002,,0.016,,,,0.007,12,,,,,
43205160,2025/09/08,21,0,0,0.002,0.002,,0.012,,,,0.007,11,,,,,
43205160,2025/09/08,22,0,0,0.001,0.001,,0.007,,,,0.006,2,,,,,
43205160,2025/09/08,23,0,0,0.001,0.001,,0.005,,,,0.006,7,,,,,
43205160,2025/09/08,24,0,0,0.001,0.001,,0.005,,,,0.005,1,,,,,
43205160,2025/09/09,01,0,0,0.001,0.001,,0.004,,,,0.007,3,,,,,
43205160,2025/09/09,02,0,0,0.001,0.001,,0.005,,,,0.006,2,,,,,
43205160,2025/09/09,03,0,0,0.001,0.001,,0.005,,,,0.006,2,,,,,
43205160,2025/09/09,04,0,0,0.001,0.001,,0.005,,,,0.007,0,,,,,
43205160,2025/09/09,05,0,0,0.001,0.001,,0.005,,,,0.006,0,,,,,
43205160,2025/09/09,06,0,0,0.001,0.001,,0.005,,,,0.004,6,,,,,
43205160,2025/09/09,07,0,0.001,0.001,0.002,,0.007,,,,0.006,2,,,,,
43205160,2025/09/09,08,0,0.001,0.001,0.002,,0.009,,,,0.003,0,,,,,
43205160,2025/09/09,09,0,0.001,0.001,0.002,,0.014,,,,0.005,1,,,,,
43205160,2025/09/09,10,0,0.001,0.001,0.002,,0.019,,,,0.009,3,,,,,
43205160,2025/09/09,11,0,0.001,0.001,0.002,,0.022,,,,0.008,0,,,,,
43205160,2025/09/09,12,0,0,0.001,0.001,,0.024,,,,0.008,5,,,,,
43205160,2025/09/09,13,0,0.001,0.001,0.002,,0.026,,,,0.008,0,,,,,
43205160,2025/09/09,14,0,0,0.001,0.001,,0.025,,,,0.007,5,,,,,
43205160,2025/09/09,15,0,0,0.001,0.001,,0.022,,,,0.004,8,,,,,
43205160,2025/09/09,16,0,0,0.001,0.001,,0.022,,,,0.007,0,,,,,
43205160,2025/09/09,17,0.001,0.001,0.001,0.002,,0.024,,,,0.008,5,,,,,
43205160,2025/09/09,18,0,0.001,0.001,0.002,,0.022,,,,0.012,3,,,,,
43205160,2025/09/09,19,0,0,0.001,0.001,,0.019,,,,0.008,1,,,,,
43205160,2025/09/09,20,0.001,0,0.001,0.001,,0.016,,,,0.011,15,,,,,
43205160,2025/09/09,21,0,0,0.001,0.001,,0.011,,,,0.008,5,,,,,
43205160,2025/09/09,22,0,0,0.001,0.001,,0.007,,,,0.006,1,,,,,
43205160,2025/09/09,23,0,0,0.001,0.001,,0.006,,,,0.007,4,,,,,
43205160,2025/09/09,24,0,0,0.001,0.001,,0.007,,,,0.007,10,,,,,
43205160,2025/09/10,01,0,0,0.001,0.001,,0.009,,,,0.006,2,,,,,
43205160,2025/09/10,02,0.001,0,0.001,0.001,,0.014,,,,0.008,5,,,,,
43205160,2025/09/10,03,0,0,0.001,0.001,,0.013,,,,0.008,15,,,,,
43205160,2025/09/10,04,0,0,0.001,0.001,,0.011,,,,0.010,3,,,,,
43205160,2025/09/10,05,0.002,0,0.001,0.001,,0.011,,,,0.015,12,,,,,
43205160,2025/09/10,06,0.006,0,0.001,0.001,,0.010,,,,0.020,12,,,,,
43205160,2025/09/10,07,0.006,0,0.001,0.001,,0.010,,,,0.019,13,,,,,
43205160,2025/09/10,08,0.002,0,0.001,0.001,,0.017,,,,0.011,7,,,,,
43205160,2025/09/10,09,0.001,0,0.002,0.002,,0.019,,,,0,0,,,,,
43205160,2025/09/10,10,0,0,0.002,0.002,,0.018,,,,0.003,0,,,,,
43205160,2025/09/10,11,0,0.001,0.002,0.003,,0.014,,,,0.006,0,,,,,
43205160,2025/09/10,12,0,0,0.001,0.001,,0.020,,,,0.006,5,,,,,
43205160,2025/09/10,13,0,0,0.002,0.002,,0.016,,,,0.006,4,,,,,
43205160,2025/09/10,14,0,0.001,0.003,0.004,,0.011,,,,0.005,3,,,,,
43205160,2025/09/10,15,0,0.001,0.002,0.003,,0.012,,,,0.008,10,,,,,
43205160,2025/09/10,16,0.001,0.001,0.003,0.004,,0.014,,,,0.016,12,,,,,
43205160,2025/09/10,17,0.001,0.001,0.003,0.004,,0.021,,,,0.015,12,,,,,
43205160,2025/09/10,18,0.001,0,0.002,0.002,,0.018,,,,0.011,10,,,,,
43205160,2025/09/10,19,0.001,0,0.002,0.002,,0.013,,,,0.016,7,,,,,
43205160,2025/09/10,20,0,0,0.002,0.002,,0.006,,,,0.015,8,,,,,
43205160,2025/09/10,21,0,0.001,0.002,0.003,,0.004,,,,0.016,14,,,,,
43205160,2025/09/10,22,0,0,0.002,0.002,,0.005,,,,0.011,2,,,,,
43205160,2025/09/10,23,0,0,0.001,0.001,,0.008,,,,0.010,9,,,,,
43205160,2025/09/10,24,0,0,0.001,0.001,,0.008,,,,0.014,2,,,,,
43205160,2025/09/11,01,0,0,0.001,0.001,,0.007,,,,0.010,8,,,,,
43205160,2025/09/11,02,0,0,0.001,0.001,,0.009,,,,0.010,13,,,,,
43205160,2025/09/11,03,0,0,0.001,0.001,,0.007,,,,0.011,7,,,,,
43205160,2025/09/11,04,0,0,0.002,0.002,,0.006,,,,0.010,7,,,,,
43205160,2025/09/11,05,0.001,0,0.002,0.002,,0.007,,,,0.016,17,,,,,
43205160,2025/09/11,06,0,0,0.002,0.002,,0.007,,,,0.014,8,,,,,
43205160,2025/09/11,07,0.001,0.001,0.002,0.003,,0.008,,,,0.014,9,,,,,
43205160,2025/09/11,08,0,0.002,0.002,0.004,,0.006,,,,0.015,5,,,,,
43205160,2025/09/11,09,0,0.001,0.002,0.003,,0.008,,,,0.015,9,,,,,
43205160,2025/09/11,10,0.001,0.001,0.002,0.003,,0.013,,,,0.021,15,,,,,
43205160,2025/09/11,11,0.002,0.001,0.002,0.003,,0.017,,,,0.016,11,,,,,
43205160,2025/09/11,12,0.001,0.001,0.002,0.003,,0.022,,,,0.015,0,,,,,
43205160,2025/09/11,13,0.007,0,0.001,0.001,,0.030,,,,0.027,23,,,,,
43205160,2025/09/11,14,0.006,0.001,0.002,0.003,,0.034,,,,0.023,19,,,,,
43205160,2025/09/11,15,0.007,0,0.002,0.002,,0.040,,,,0.027,24,,,,,
43205160,2025/09/11,16,0.014,0,0.001,0.001,,0.034,,,,0.033,19,,,,,
43205160,2025/09/11,17,0.017,0,0.001,0.001,,0.032,,,,0.044,23,,,,,
43205160,2025/09/11,18,0.008,0,0.002,0.002,,0.033,,,,0.052,24,,,,,
43205160,2025/09/11,19,0.001,0,0.002,0.002,,0.027,,,,0.034,16,,,,,
43205160,2025/09/11,20,0.001,0,0.002,0.002,,0.016,,,,0.035,25,,,,,
43205160,2025/09/11,21,0,0,0.002,0.002,,0.013,,,,0.031,18,,,,,
43205160,2025/09/11,22,0,0,0.002,0.002,,0.014,,,,0.023,16,,,,,
43205160,2025/09/11,23,0,0,0.001,0.001,,0.013,,,,0.015,13,,,,,
43205160,2025/09/11,24,0,0,0.001,0.001,,0.013,,,,0.015,9,,,,,
43205160,2025/09/12,01,0,0,0.001,0.001,,0.012,,,,0.010,11,,,,,
43205160,2025/09/12,02,-,-,-,-,,-,,,,0.009,5,,,,,
43205160,2025/09/12,03,0,0,0.001,0.001,,0.012,,,,0.011,0,,,,,
43205160,2025/09/12,04,0,0,0.001,0.001,,0.009,,,,0.011,7,,,,,
43205160,2025/09/12,05,0,0,0.001,0.001,,0.008,,,,0.011,4,,,,,
43205160,2025/09/12,06,0,0,0.002,0.002,,0.008,,,,0.006,0,,,,,
43205160,2025/09/12,07,0,0,0.001,0.001,,0.011,,,,0.009,0,,,,,
43205160,2025/09/12,08,0,0.001,0.001,0.002,,0.010,,,,0.008,12,,,,,
43205160,2025/09/12,09,0,0.001,0.002,0.003,,0.010,,,,0.009,6,,,,,
43205160,2025/09/12,10,0.005,0.001,0.001,0.002,,0.011,,,,0.008,7,,,,,
43205160,2025/09/12,11,0.006,0.001,0.001,0.002,,0.013,,,,0.007,6,,,,,
43205160,2025/09/12,12,0.005,0.001,0.001,0.002,,0.016,,,,0.013,10,,,,,
43205160,2025/09/12,13,0.008,0.001,0.002,0.003,,0.018,,,,0.016,10,,,,,
43205160,2025/09/12,14,0.012,0.001,0.001,0.002,,0.021,,,,0.024,10,,,,,
43205160,2025/09/12,15,0.018,0.001,0.002,0.003,,0.023,,,,0.030,10,,,,,
43205160,2025/09/12,16,0.015,0,0.001,0.001,,0.024,,,,0.032,14,,,,,
43205160,2025/09/12,17,0.013,0.001,0.003,0.004,,0.023,,,,0.024,10,,,,,
43205160,2025/09/12,18,0.004,0,0.002,0.002,,0.021,,,,0.017,18,,,,,
43205160,2025/09/12,19,0.001,0,0.002,0.002,,0.014,,,,0.014,0,,,,,
43205160,2025/09/12,20,0,0,0.001,0.001,,0.014,,,,0.006,5,,,,,
43205160,2025/09/12,21,0,0,0.001,0.001,,0.016,,,,0.008,0,,,,,
43205160,2025/09/12,22,0,0,0.001,0.001,,0.015,,,,0.008,4,,,,,
43205160,2025/09/12,23,0,0,0.001,0.001,,0.014,,,,0.010,10,,,,,
43205160,2025/09/12,24,0,0,0.001,0.001,,0.013,,,,0.008,4,,,,,
43205160,2025/09/13,01,0,0,0.001,0.001,,0.012,,,,0.010,5,,,,,
43205160,2025/09/13,02,0,0,0.001,0.001,,0.015,,,,0.008,6,,,,,
43205160,2025/09/13,03,0,0,0.001,0.001,,0.015,,,,0.010,12,,,,,
43205160,2025/09/13,04,0,0,0.001,0.001,,0.015,,,,0.009,7,,,,,
43205160,2025/09/13,05,0,0,0.001,0.001,,0.015,,,,0.012,8,,,,,
43205160,2025/09/13,06,0.002,0,0.001,0.001,,0.015,,,,0.014,9,,,,,
43205160,2025/09/13,07,0.002,0,0.001,0.001,,0.014,,,,0.020,11,,,,,
43205160,2025/09/13,08,0.003,0.001,0.001,0.002,,0.015,,,,0.020,14,,,,,
43205160,2025/09/13,09,0.003,0.001,0.001,0.002,,0.018,,,,0.023,20,,,,,
43205160,2025/09/13,10,0.001,0,0.001,0.001,,0.022,,,,0.014,12,,,,,
43205160,2025/09/13,11,0.003,0,0.001,0.001,,0.022,,,,0.009,10,,,,,
43205160,2025/09/13,12,0.002,0,0.001,0.001,,0.023,,,,0.013,9,,,,,
43205160,2025/09/13,13,0.003,0.001,0.001,0.002,,0.024,,,,0.011,13,,,,,
43205160,2025/09/13,14,0.004,0.001,0.001,0.002,,0.023,,,,0.009,11,,,,,
43205160,2025/09/13,15,0.001,0,0.001,0.001,,0.022,,,,0.012,6,,,,,
43205160,2025/09/13,16,0.006,0.001,0.001,0.002,,0.022,,,,0.011,1,,,,,
43205160,2025/09/13,17,0.011,0.001,0.002,0.003,,0.019,,,,0.011,9,,,,,
43205160,2025/09/13,18,0.007,0,0.002,0.002,,0.021,,,,0.012,11,,,,,
43205160,2025/09/13,19,0.004,0,0.002,0.002,,0.019,,,,0.011,7,,,,,
43205160,2025/09/13,20,0,0,0.001,0.001,,0.012,,,,0.010,9,,,,,
43205160,2025/09/13,21,0,0,0.001,0.001,,0.011,,,,0.009,1,,,,,
43205160,2025/09/13,22,0,0,0.001,0.001,,0.012,,,,0.009,8,,,,,
43205160,2025/09/13,23,0,0,0.001,0.001,,0.012,,,,0.008,3,,,,,
43205160,2025/09/13,24,0,0,0.001,0.001,,0.012,,,,0.010,8,,,,,
43205160,2025/09/14,01,0,0,0.001,0.001,,0.011,,,,0.011,8,,,,,
43205160,2025/09/14,02,0,0,0.001,0.001,,0.010,,,,0.009,5,,,,,
43205160,2025/09/14,03,0,0,0.001,0.001,,0.009,,,,0.011,5,,,,,
43205160,2025/09/14,04,0,0,0.001,0.001,,0.009,,,,0.010,2,,,,,
43205160,2025/09/14,05,0,0,0.001,0.001,,0.009,,,,0.009,15,,,,,
43205160,2025/09/14,06,0,0,0.001,0.001,,0.008,,,,0.008,3,,,,,
43205160,2025/09/14,07,0,0,0.001,0.001,,0.009,,,,0.009,2,,,,,
43205160,2025/09/14,08,0,0,0.001,0.001,,0.011,,,,0.010,3,,,,,
43205160,2025/09/14,09,0,0,0.001,0.001,,0.017,,,,0.010,15,,,,,
43205160,2025/09/14,10,0,0,0,0,,0.023,,,,0.020,9,,,,,
43205160,2025/09/14,11,0,0,0.001,0.001,,0.023,,,,0.010,11,,,,,
43205160,2025/09/14,12,0,0,0.001,0.001,,0.022,,,,0.003,6,,,,,
43205160,2025/09/14,13,0.001,0,0.001,0.001,,0.020,,,,0.010,2,,,,,
43205160,2025/09/14,14,0.002,0.001,0.001,0.002,,0.023,,,,0.007,4,,,,,
43205160,2025/09/14,15,0.002,0,0.001,0.001,,0.028,,,,0.007,7,,,,,
43205160,2025/09/14,16,0.003,0,0.001,0.001,,0.028,,,,0.010,1,,,,,
43205160,2025/09/14,17,0,0,0.001,0.001,,0.027,,,,0.012,8,,,,,
43205160,2025/09/14,18,0,0,0.001,0.001,,0.026,,,,0.008,6,,,,,
43205160,2025/09/14,19,0.003,0,0.002,0.002,,0.024,,,,0.013,15,,,,,
43205160,2025/09/14,20,0.002,0,0.002,0.002,,0.014,,,,0.013,8,,,,,
43205160,2025/09/14,21,0,0,0.001,0.001,,0.006,,,,0.013,3,,,,,
43205160,2025/09/14,22,0,0,0.001,0.001,,0.006,,,,0.013,7,,,,,
43205160,2025/09/14,23,0,0,0.001,0.001,,0.005,,,,0.012,0,,,,,
43205160,2025/09/14,24,0,0,0.001,0.001,,0.006,,,,0.012,7,,,,,
43205160,2025/09/15,01,0,0,0.001,0.001,,0.006,,,,0.014,7,,,,,
43205160,2025/09/15,02,0,0,0.001,0.001,,0.005,,,,0.013,9,,,,,
43205160,2025/09/15,03,0,0,0.001,0.001,,0.006,,,,0.014,15,,,,,
43205160,2025/09/15,04,0,0,0.001,0.001,,0.006,,,,0.012,2,,,,,
43205160,2025/09/15,05,0,0,0.001,0.001,,0.016,,,,0.005,3,,,,,
43205160,2025/09/15,06,0,0,0,0,,0.015,,,,0.006,4,,,,,
43205160,2025/09/15,07,0,0,0.001,0.001,,0.010,,,,0.005,8,,,,,
43205160,2025/09/15,08,0,0.001,0.001,0.002,,0.008,,,,0.009,0,,,,,
43205160,2025/09/15,09,0,0.001,0.001,0.002,,0.012,,,,0.009,12,,,,,
43205160,2025/09/15,10,0,0.001,0.001,0.002,,0.019,,,,0.007,5,,,,,
43205160,2025/09/15,11,0,0.001,0.001,0.002,,0.023,,,,0.009,7,,,,,
43205160,2025/09/15,12,0,0.001,0.001,0.002,,0.023,,,,0.012,4,,,,,
43205160,2025/09/15,13,0,0,0.001,0.001,,0.027,,,,0.005,11,,,,,
43205160,2025/09/15,14,0,0,0.001,0.001,,0.027,,,,0.006,7,,,,,
43205160,2025/09/15,15,0,0.001,0.001,0.002,,0.029,,,,0.007,6,,,,,
43205160,2025/09/15,16,0,0,0.001,0.001,,0.029,,,,0.009,11,,,,,
43205160,2025/09/15,17,0,0,0.001,0.001,,0.027,,,,0.009,6,,,,,
43205160,2025/09/15,18,0,0,0.001,0.001,,0.027,,,,0.009,11,,,,,
43205160,2025/09/15,19,0.001,0,0.001,0.001,,0.025,,,,0.009,8,,,,,
43205160,2025/09/15,20,0,0,0.001,0.001,,0.012,,,,0.009,8,,,,,
43205160,2025/09/15,21,0,0,0.001,0.001,,0.006,,,,0.011,2,,,,,
43205160,2025/09/15,22,0,0,0.001,0.001,,0.005,,,,0.012,1,,,,,
43205160,2025/09/15,23,0,0,0.001,0.001,,0.004,,,,0.011,7,,,,,
43205160,2025/09/15,24,0,0,0.001,0.001,,0.003,,,,0.013,0,,,,,
43205160,2025/09/16,01,0,0,0.001,0.001,,0.004,,,,0.011,9,,,,,
43205160,2025/09/16,02,0,0,0.001,0.001,,0.004,,,,0.013,11,,,,,
43205160,2025/09/16,03,0,0,0.001,0.001,,0.003,,,,0.012,5,,,,,
43205160,2025/09/16,04,0,0,0.001,0.001,,0.003,,,,0.013,8,,,,,
43205160,2025/09/16,05,0,0.001,0.001,0.002,,0.002,,,,0.013,9,,,,,
43205160,2025/09/16,06,0,0.001,0.001,0.002,,0.002,,,,0.014,10,,,,,
43205160,2025/09/16,07,0,0.001,0.001,0.002,,0.002,,,,0.014,12,,,,,
43205160,2025/09/16,08,0,0.002,0.001,0.003,,0.003,,,,0.014,1,,,,,
43205160,2025/09/16,09,0.001,0.001,0.001,0.002,,0.013,,,,0.014,14,,,,,
43205160,2025/09/16,10,0.002,0.001,0.002,0.003,,0.021,,,,0.021,7,,,,,
43205160,2025/09/16,11,0.001,0.001,0.002,0.003,,0.027,,,,0.015,4,,,,,
43205160,2025/09/16,12,0,0,0.001,0.001,,0.028,,,,0.010,9,,,,,
43205160,2025/09/16,13,-,-,-,-,,-,,,,0.005,0,,,,,
43205160,2025/09/16,14,0,0.001,0.001,0.002,,0.022,,,,0.008,12,,,,,
43205160,2025/09/16,15,0,0.001,0.001,0.002,,0.027,,,,0.010,11,,,,,
43205160,2025/09/16,16,0,0.001,0.001,0.002,,0.024,,,,0.005,8,,,,,
43205160,2025/09/16,17,0,0.001,0.001,0.002,,0.021,,,,0.007,6,,,,,
43205160,2025/09/16,18,0.003,0.001,0.001,0.002,,0.020,,,,0.007,4,,,,,
43205160,2025/09/16,19,0.003,0,0.001,0.001,,0.019,,,,0.009,11,,,,,
43205160,2025/09/16,20,0.001,0,0.001,0.001,,0.016,,,,0.007,0,,,,,
43205160,2025/09/16,21,0,0,0.001,0.001,,0.009,,,,0.009,3,,,,,
43205160,2025/09/16,22,0,0,0.001,0.001,,0.007,,,,0.011,11,,,,,
43205160,2025/09/16,23,0,0,0.001,0.001,,0.005,,,,0.010,9,,,,,
43205160,2025/09/16,24,0,0,0.001,0.001,,0.005,,,,0.009,11,,,,,
43205160,2025/09/17,01,0,0,0.001,0.001,,0.005,,,,0.007,7,,,,,
43205160,2025/09/17,02,0,0,0.001,0.001,,0.005,,,,0.012,2,,,,,
43205160,2025/09/17,03,0,0,0.001,0.001,,0.006,,,,0.012,1,,,,,
43205160,2025/09/17,04,0,0,0.001,0.001,,0.006,,,,0.010,11,,,,,
43205160,2025/09/17,05,0,0,0.001,0.001,,0.005,,,,0.010,3,,,,,
43205160,2025/09/17,06,0,0,0.001,0.001,,0.005,,,,0.011,7,,,,,
43205160,2025/09/17,07,0,0.001,0.001,0.002,,0.005,,,,0.009,3,,,,,
43205160,2025/09/17,08,0,0.001,0.001,0.002,,0.007,,,,0.008,12,,,,,
43205160,2025/09/17,09,0.004,0.001,0.002,0.003,,0.015,,,,0.011,3,,,,,
43205160,2025/09/17,10,0.001,0.001,0.001,0.002,,0.018,,,,0.007,8,,,,,
43205160,2025/09/17,11,0,0.001,0.001,0.002,,0.022,,,,0.009,3,,,,,
43205160,2025/09/17,12,0,0.001,0.001,0.002,,0.022,,,,0.009,3,,,,,
43205160,2025/09/17,13,0.002,0,0.001,0.001,,0.022,,,,0.008,3,,,,,
43205160,2025/09/17,14,0,0.001,0.001,0.002,,0.025,,,,0.003,0,,,,,
43205160,2025/09/17,15,0,0.001,0.001,0.002,,0.026,,,,0.006,8,,,,,
43205160,2025/09/17,16,0,0,0.001,0.001,,0.024,,,,0.005,1,,,,,
43205160,2025/09/17,17,0,0,0.001,0.001,,0.023,,,,0.008,5,,,,,
43205160,2025/09/17,18,0,0,0.001,0.001,,0.023,,,,0.007,0,,,,,
43205160,2025/09/17,19,0,0,0.001,0.001,,0.021,,,,0.008,5,,,,,
43205160,2025/09/17,20,0,0,0.002,0.002,,0.011,,,,0.006,2,,,,,
43205160,2025/09/17,21,0,0,0.001,0.001,,0.007,,,,0.007,0,,,,,
43205160,2025/09/17,22,0,0,0.001,0.001,,0.006,,,,0.008,5,,,,,
43205160,2025/09/17,23,0,0,0.001,0.001,,0.005,,,,0.006,2,,,,,
43205160,2025/09/17,24,0,0,0.001,0.001,,0.006,,,,0.006,3,,,,,
43205160,2025/09/18,01,0,0,0.001,0.001,,0.006,,,,0.007,5,,,,,
43205160,2025/09/18,02,0,0,0.001,0.001,,0.007,,,,0.007,0,,,,,
43205160,2025/09/18,03,0,0,0.001,0.001,,0.008,,,,0.015,9,,,,,
43205160,2025/09/18,04,0,0,0.001,0.001,,0.008,,,,0.005,3,,,,,
43205160,2025/09/18,05,0,0,0.001,0.001,,0.012,,,,0.014,7,,,,,
43205160,2025/09/18,06,0,0,0.001,0.001,,0.018,,,,0.002,3,,,,,
43205160,2025/09/18,07,0,0,0.001,0.001,,0.017,,,,0.002,0,,,,,
43205160,2025/09/18,08,0,0,0.001,0.001,,0.017,,,,0.001,1,,,,,
43205160,2025/09/18,09,0,0.001,0.002,0.003,,0.012,,,,0.003,3,,,,,
43205160,2025/09/18,10,0,0.001,0.003,0.004,,0.009,,,,0.007,1,,,,,
43205160,2025/09/18,11,0,0.001,0.002,0.003,,0.010,,,,0.001,2,,,,,
43205160,2025/09/18,12,0,0.001,0.001,0.002,,0.012,,,,0.008,8,,,,,
43205160,2025/09/18,13,0.003,0.001,0.002,0.003,,0.022,,,,0.006,0,,,,,
43205160,2025/09/18,14,0.003,0.001,0.002,0.003,,0.030,,,,0.008,0,,,,,
43205160,2025/09/18,15,0.001,0.001,0.001,0.002,,0.038,,,,0.009,2,,,,,
43205160,2025/09/18,16,0,0,0.001,0.001,,0.043,,,,0.011,5,,,,,
43205160,2025/09/18,17,0,0,0.001,0.001,,0.043,,,,0.009,5,,,,,
43205160,2025/09/18,18,0,0,0.001,0.001,,0.040,,,,0.010,6,,,,,
43205160,2025/09/18,19,0,0,0.002,0.002,,0.020,,,,0.014,2,,,,,
43205160,2025/09/18,20,0,0,0.002,0.002,,0.013,,,,0.014,12,,,,,
43205160,2025/09/18,21,0,0,0.001,0.001,,0.012,,,,0.015,10,,,,,
43205160,2025/09/18,22,0,0,0.001,0.001,,0.008,,,,0.015,11,,,,,
43205160,2025/09/18,23,0,0,0.001,0.001,,0.007,,,,0.015,2,,,,,
43205160,2025/09/18,24,0,0,0.001,0.001,,0.007,,,,0.012,7,,,,,
43205160,2025/09/19,01,0,0,0.001,0.001,,0.009,,,,0.017,6,,,,,
43205160,2025/09/19,02,-,-,-,-,,-,,,,0.009,7,,,,,
43205160,2025/09/19,03,0,0,0.002,0.002,,0.013,,,,0.013,17,,,,,
43205160,2025/09/19,04,0,0,0.002,0.002,,0.012,,,,0.012,6,,,,,
43205160,2025/09/19,05,0,0.001,0.002,0.003,,0.008,,,,0.013,6,,,,,
43205160,2025/09/19,06,0,0.001,0.002,0.003,,0.004,,,,0.014,9,,,,,
43205160,2025/09/19,07,0,0.002,0.002,0.004,,0.002,,,,0.013,11,,,,,
43205160,2025/09/19,08,0,0.002,0.002,0.004,,0.006,,,,0.014,19,,,,,
43205160,2025/09/19,09,0,0.001,0.001,0.002,,0.017,,,,0.015,21,,,,,
43205160,2025/09/19,10,0.001,0.001,0.002,0.003,,0.026,,,,0.019,11,,,,,
43205160,2025/09/19,11,0.001,0.001,0.003,0.004,,0.032,,,,0.020,9,,,,,
43205160,2025/09/19,12,0.001,0.001,0.002,0.003,,0.041,,,,0.016,11,,,,,
43205160,2025/09/19,13,0,0,0.001,0.001,,0.048,,,,0.012,10,,,,,
43205160,2025/09/19,14,0,0,0.001,0.001,,0.051,,,,0.011,3,,,,,
43205160,2025/09/19,15,0,0,0.001,0.001,,0.053,,,,0.014,14,,,,,
43205160,2025/09/19,16,0,0,0.001,0.001,,0.053,,,,0.012,11,,,,,
43205160,2025/09/19,17,0,0,0.001,0.001,,0.053,,,,0.012,7,,,,,
43205160,2025/09/19,18,0,0,0.001,0.001,,0.051,,,,0.013,11,,,,,
43205160,2025/09/19,19,0.004,0,0.002,0.002,,0.044,,,,0.021,6,,,,,
43205160,2025/09/19,20,0.001,0,0.001,0.001,,0.021,,,,0.016,2,,,,,
43205160,2025/09/19,21,0,0,0.001,0.001,,0.014,,,,0.016,5,,,,,
43205160,2025/09/19,22,0,0,0.001,0.001,,0.013,,,,0.017,15,,,,,
43205160,2025/09/19,23,0,0,0.001,0.001,,0.019,,,,0.022,17,,,,,
43205160,2025/09/19,24,0.001,0,0.001,0.001,,0.026,,,,0.022,16,,,,,
43205160,2025/09/20,01,0.001,0,0.001,0.001,,0.031,,,,0.022,16,,,,,
43205160,2025/09/20,02,0.001,0,0.001,0.001,,0.033,,,,0.022,13,,,,,
43205160,2025/09/20,03,0.001,0,0.001,0.001,,0.029,,,,0.023,21,,,,,
43205160,2025/09/20,04,0.001,0,0.001,0.001,,0.028,,,,0.023,15,,,,,
43205160,2025/09/20,05,0.001,0,0.001,0.001,,0.027,,,,0.023,20,,,,,
43205160,2025/09/20,06,0.002,0,0.001,0.001,,0.025,,,,0.025,17,,,,,
43205160,2025/09/20,07,0.002,0,0.002,0.002,,0.022,,,,0.024,18,,,,,
43205160,2025/09/20,08,0.003,0,0.001,0.001,,0.020,,,,0.028,17,,,,,
43205160,2025/09/20,09,0.006,0.001,0.001,0.002,,0.017,,,,0.022,14,,,,,
43205160,2025/09/20,10,0.003,0,0.001,0.001,,0.016,,,,0.009,3,,,,,
43205160,2025/09/20,11,0.004,0.001,0.001,0.002,,0.018,,,,0.012,9,,,,,
43205160,2025/09/20,12,0.006,0.001,0.001,0.002,,0.020,,,,0.009,12,,,,,
43205160,2025/09/20,13,0.003,0.001,0.001,0.002,,0.019,,,,0.005,13,,,,,
43205160,2025/09/20,14,0.003,0.001,0.001,0.002,,0.019,,,,0.005,6,,,,,
43205160,2025/09/20,15,0.002,0,0.001,0.001,,0.019,,,,0.007,0,,,,,
43205160,2025/09/20,16,0,0,0.001,0.001,,0.019,,,,0.005,0,,,,,
43205160,2025/09/20,17,0,0,0.001,0.001,,0.018,,,,0.011,9,,,,,
43205160,2025/09/20,18,0,0,0.001,0.001,,0.015,,,,0.004,7,,,,,
43205160,2025/09/20,19,0,0,0.001,0.001,,0.012,,,,0.008,6,,,,,
43205160,2025/09/20,20,0,0,0.001,0.001,,0.010,,,,0.004,9,,,,,
43205160,2025/09/20,21,0,0,0.001,0.001,,0.009,,,,0.008,9,,,,,
43205160,2025/09/20,22,0,0,0.001,0.001,,0.013,,,,0.009,5,,,,,
43205160,2025/09/20,23,0,0,0.001,0.001,,0.008,,,,0.006,4,,,,,
43205160,2025/09/20,24,0,0,0.001,0.001,,0.007,,,,0.007,1,,,,,
43205160,2025/09/21,01,0,0,0.001,0.001,,0.005,,,,0.011,11,,,,,
43205160,2025/09/21,02,0,0,0.001,0.001,,0.005,,,,0.010,11,,,,,
43205160,2025/09/21,03,0,0,0.001,0.001,,0.007,,,,0.010,3,,,,,
43205160,2025/09/21,04,0,0,0.001,0.001,,0.012,,,,0.009,7,,,,,
43205160,2025/09/21,05,0,0,0.001,0.001,,0.014,,,,0.009,16,,,,,
43205160,2025/09/21,06,0,0,0.001,0.001,,0.013,,,,0.013,5,,,,,
43205160,2025/09/21,07,0,0,0.001,0.001,,0.015,,,,0.011,5,,,,,
43205160,2025/09/21,08,0,0,0.002,0.002,,0.016,,,,0.011,15,,,,,
43205160,2025/09/21,09,0,0.001,0.002,0.003,,0.029,,,,0.008,4,,,,,
43205160,2025/09/21,10,0,0,0.001,0.001,,0.036,,,,0.010,8,,,,,
43205160,2025/09/21,11,0.001,0,0.001,0.001,,0.042,,,,0.009,3,,,,,
43205160,2025/09/21,12,0.001,0,0.001,0.001,,0.048,,,,0.009,10,,,,,
43205160,2025/09/21,13,0.001,0,0.001,0.001,,0.048,,,,0.007,12,,,,,
43205160,2025/09/21,14,0,0,0.001,0.001,,0.050,,,,0.007,9,,,,,
43205160,2025/09/21,15,0,0,0.001,0.001,,0.053,,,,0.010,4,,,,,
43205160,2025/09/21,16,0,0,0.001,0.001,,0.053,,,,0.008,0,,,,,
43205160,2025/09/21,17,0.001,0,0.001,0.001,,0.055,,,,0.011,3,,,,,
43205160,2025/09/21,18,0.001,0,0.002,0.002,,0.055,,,,0.006,7,,,,,
43205160,2025/09/21,19,0.001,0,0.002,0.002,,0.048,,,,0.010,4,,,,,
43205160,2025/09/21,20,0.001,0,0.002,0.002,,0.038,,,,0.010,5,,,,,
43205160,2025/09/21,21,0.001,0,0.003,0.003,,0.029,,,,0.012,5,,,,,
43205160,2025/09/21,22,0,0,0.002,0.002,,0.025,,,,0.010,9,,,,,
43205160,2025/09/21,23,0,0,0.001,0.001,,0.022,,,,0.012,13,,,,,
43205160,2025/09/21,24,0,0,0.002,0.002,,0.017,,,,0.010,2,,,,,
43205160,2025/09/22,01,0,0,0.001,0.001,,0.016,,,,0.013,10,,,,,
43205160,2025/09/22,02,0,0,0.001,0.001,,0.012,,,,0.012,11,,,,,
43205160,2025/09/22,03,0,0,0.002,0.002,,0.012,,,,0.014,5,,,,,
43205160,2025/09/22,04,0,0,0.002,0.002,,0.012,,,,0.014,16,,,,,
43205160,2025/09/22,05,0,0,0.002,0.002,,0.010,,,,0.015,16,,,,,
43205160,2025/09/22,06,0,0,0.002,0.002,,0.009,,,,0.018,9,,,,,
43205160,2025/09/22,07,0,0,0.002,0.002,,0.009,,,,0.017,6,,,,,
43205160,2025/09/22,08,0,0.001,0.004,0.005,,0.010,,,,0.015,9,,,,,
43205160,2025/09/22,09,0.001,0.002,0.005,0.007,,0.015,,,,0.016,16,,,,,
43205160,2025/09/22,10,0.001,0.002,0.003,0.005,,0.022,,,,0.017,20,,,,,
43205160,2025/09/22,11,0.002,0.001,0.003,0.004,,0.032,,,,0.017,11,,,,,
43205160,2025/09/22,12,0.002,0.001,0.003,0.004,,0.039,,,,0.019,15,,,,,
43205160,2025/09/22,13,0.002,0.001,0.003,0.004,,0.042,,,,0.023,11,,,,,
43205160,2025/09/22,14,0.002,0,0.002,0.002,,0.044,,,,0.020,16,,,,,
43205160,2025/09/22,15,0.001,0,0.002,0.002,,0.036,,,,0.015,6,,,,,
43205160,2025/09/22,16,0,0,0.001,0.001,,0.036,,,,0.010,8,,,,,
43205160,2025/09/22,17,0,0,0.001,0.001,,0.035,,,,0.012,5,,,,,
43205160,2025/09/22,18,0,0,0.001,0.001,,0.037,,,,0.011,10,,,,,
43205160,2025/09/22,19,0,0,0.001,0.001,,0.035,,,,0.013,8,,,,,
43205160,2025/09/22,20,0,0,0.001,0.001,,0.029,,,,0.015,2,,,,,
43205160,2025/09/22,21,0,0,0.001,0.001,,0.024,,,,0.013,9,,,,,
43205160,2025/09/22,22,0,0,0.001,0.001,,0.032,,,,0.010,10,,,,,
43205160,2025/09/22,23,0,0,0.001,0.001,,0.030,,,,0.011,1,,,,,
43205160,2025/09/22,24,0,0,0.001,0.001,,0.028,,,,0.012,13,,,,,
43205160,2025/09/23,01,0,0,0.001,0.001,,0.030,,,,0.010,15,,,,,
43205160,2025/09/23,02,0,0,0.001,0.001,,0.027,,,,0.012,1,,,,,
43205160,2025/09/23,03,0,0,0.001,0.001,,0.022,,,,0.014,14,,,,,
43205160,2025/09/23,04,0,0,0.001,0.001,,0.019,,,,0.011,9,,,,,
43205160,2025/09/23,05,0,0,0.001,0.001,,0.018,,,,0.011,9,,,,,
43205160,2025/09/23,06,0,0,0.001,0.001,,0.017,,,,0.015,10,,,,,
43205160,2025/09/23,07,0,0,0.002,0.002,,0.017,,,,0.012,8,,,,,
43205160,2025/09/23,08,0.001,0.001,0.005,0.006,,0.018,,,,0.014,11,,,,,
43205160,2025/09/23,09,0.001,0.001,0.004,0.005,,0.025,,,,0.013,8,,,,,
43205160,2025/09/23,10,0.001,0.001,0.003,0.004,,0.026,,,,0.012,10,,,,,
43205160,2025/09/23,11,0.001,0.001,0.004,0.005,,0.030,,,,0.015,7,,,,,
43205160,2025/09/23,12,0.002,0.001,0.005,0.006,,0.038,,,,0.014,11,,,,,
43205160,2025/09/23,13,0.001,0,0.003,0.003,,0.050,,,,0.017,3,,,,,
43205160,2025/09/23,14,0.001,0,0.002,0.002,,0.047,,,,0.013,13,,,,,
43205160,2025/09/23,15,0.001,0,0.001,0.001,,0.046,,,,0.011,6,,,,,
43205160,2025/09/23,16,0.001,0,0.001,0.001,,0.043,,,,0.009,8,,,,,
43205160,2025/09/23,17,0.001,0,0.001,0.001,,0.039,,,,0.012,12,,,,,
43205160,2025/09/23,18,0.001,0,0.001,0.001,,0.036,,,,0.014,12,,,,,
43205160,2025/09/23,19,0,0,0.002,0.002,,0.025,,,,0.013,8,,,,,
43205160,2025/09/23,20,0,0,0.002,0.002,,0.020,,,,0.016,11,,,,,
43205160,2025/09/23,21,0,0,0.002,0.002,,0.015,,,,0.011,12,,,,,
43205160,2025/09/23,22,0,0,0.001,0.001,,0.010,,,,0.009,7,,,,,
43205160,2025/09/23,23,0,0,0.001,0.001,,0.010,,,,0.009,14,,,,,
43205160,2025/09/23,24,0,0,0.001,0.001,,0.011,,,,0.006,14,,,,,
43205160,2025/09/24,01,0,0,0.001,0.001,,0.010,,,,0.008,2,,,,,
43205160,2025/09/24,02,0,0,0.001,0.001,,0.009,,,,0.006,3,,,,,
43205160,2025/09/24,03,0,0,0.001,0.001,,0.009,,,,0.007,0,,,,,
43205160,2025/09/24,04,0,0,0.001,0.001,,0.009,,,,0.006,3,,,,,
43205160,2025/09/24,05,0,0,0.001,0.001,,0.008,,,,0.007,0,,,,,
43205160,2025/09/24,06,0,0,0.002,0.002,,0.007,,,,0.007,0,,,,,
43205160,2025/09/24,07,0,0.001,0.002,0.003,,0.006,,,,0.003,0,,,,,
43205160,2025/09/24,08,0,0.001,0.002,0.003,,0.009,,,,0.007,0,,,,,
43205160,2025/09/24,09,0.001,0.001,0.001,0.002,,0.021,,,,0.004,3,,,,,
43205160,2025/09/24,10,0.001,0.001,0.001,0.002,,0.025,,,,0.007,1,,,,,
43205160,2025/09/24,11,0.001,0.001,0.001,0.002,,0.028,,,,0.007,5,,,,,
43205160,2025/09/24,12,0.001,0.001,0.002,0.003,,0.030,,,,0.010,6,,,,,
43205160,2025/09/24,13,0.001,0.001,0.002,0.003,,0.031,,,,0.006,5,,,,,
43205160,2025/09/24,14,0.002,0,0.001,0.001,,0.034,,,,0.010,6,,,,,
43205160,2025/09/24,15,0.001,0,0.001,0.001,,0.030,,,,0.008,8,,,,,
43205160,2025/09/24,16,0,0,0.001,0.001,,0.027,,,,0.010,0,,,,,
43205160,2025/09/24,17,0.001,0,0.002,0.002,,0.028,,,,0.015,0,,,,,
43205160,2025/09/24,18,0.001,0,0.002,0.002,,0.026,,,,0.004,3,,,,,
43205160,2025/09/24,19,0,0,0.001,0.001,,0.020,,,,0.005,0,,,,,
43205160,2025/09/24,20,0,0,0.001,0.001,,0.021,,,,0.009,8,,,,,
43205160,2025/09/24,21,0,0,0.001,0.001,,0.026,,,,0.004,5,,,,,
43205160,2025/09/24,22,0,0,0.001,0.001,,0.022,,,,0.006,2,,,,,
43205160,2025/09/24,23,0,0,0.001,0.001,,0.015,,,,0.006,4,,,,,
43205160,2025/09/24,24,0,0,0.001,0.001,,0.014,,,,0.007,0,,,,,
43205160,2025/09/25,01,0,0,0.001,0.001,,0.018,,,,0.005,3,,,,,
43205160,2025/09/25,02,0,0,0.001,0.001,,0.016,,,,0.005,3,,,,,
43205160,2025/09/25,03,0,0,0.001,0.001,,0.017,,,,0.008,5,,,,,
43205160,2025/09/25,04,0,0,0.001,0.001,,0.021,,,,0.006,0,,,,,
43205160,2025/09/25,05,0.001,0,0.001,0.001,,0.021,,,,0.005,4,,,,,
43205160,2025/09/25,06,0.001,0,0.001,0.001,,0.018,,,,0.011,11,,,,,
43205160,2025/09/25,07,0,0,0.001,0.001,,0.014,,,,0.012,1,,,,,
43205160,2025/09/25,08,0,0.001,0.002,0.003,,0.012,,,,0.009,7,,,,,
43205160,2025/09/25,09,0,0.001,0.002,0.003,,0.020,,,,0.007,0,,,,,
43205160,2025/09/25,10,0.002,0,0.001,0.001,,0.029,,,,0.007,3,,,,,
43205160,2025/09/25,11,0.002,0,0.001,0.001,,0.031,,,,0.011,9,,,,,
43205160,2025/09/25,12,0.005,0,0.001,0.001,,0.030,,,,0.021,9,,,,,
43205160,2025/09/25,13,0.002,0,0.001,0.001,,0.034,,,,0.015,11,,,,,
43205160,2025/09/25,14,0.004,0,0.001,0.001,,0.033,,,,0.020,11,,,,,
43205160,2025/09/25,15,0.004,0.001,0.001,0.002,,0.036,,,,0.024,10,,,,,
43205160,2025/09/25,16,0.003,0.001,0.001,0.002,,0.036,,,,0.029,15,,,,,
43205160,2025/09/25,17,0.001,0,0.001,0.001,,0.038,,,,0.013,7,,,,,
43205160,2025/09/25,18,0,0,0.001,0.001,,0.036,,,,0.018,2,,,,,
43205160,2025/09/25,19,0.001,0,0.001,0.001,,0.034,,,,0.016,11,,,,,
43205160,2025/09/25,20,0,0,0.002,0.002,,0.019,,,,0.018,8,,,,,
43205160,2025/09/25,21,0,0,0.002,0.002,,0.012,,,,0.018,12,,,,,
43205160,2025/09/25,22,0,0,0.001,0.001,,0.008,,,,0.015,13,,,,,
43205160,2025/09/25,23,0,0,0.001,0.001,,0.007,,,,0.015,3,,,,,
43205160,2025/09/25,24,0,0,0.001,0.001,,0.006,,,,0.017,10,,,,,
43205160,2025/09/26,01,0,0,0.001,0.001,,0.006,,,,0.015,7,,,,,
43205160,2025/09/26,02,-,-,-,-,,-,,,,0.020,11,,,,,
43205160,2025/09/26,03,0,0,0.001,0.001,,0.005,,,,0.017,12,,,,,
43205160,2025/09/26,04,0,0,0.001,0.001,,0.005,,,,0.018,10,,,,,
43205160,2025/09/26,05,0,0,0.001,0.001,,0.005,,,,0.019,8,,,,,
43205160,2025/09/26,06,0,0.001,0.001,0.002,,0.004,,,,0.021,13,,,,,
43205160,2025/09/26,07,0,0.001,0.001,0.002,,0.004,,,,0.018,10,,,,,
43205160,2025/09/26,08,0,0.001,0.001,0.002,,0.006,,,,0.019,13,,,,,
43205160,2025/09/26,09,0,0.001,0.001,0.002,,0.016,,,,0.028,16,,,,,
43205160,2025/09/26,10,0,0,0.001,0.001,,0.023,,,,0.022,11,,,,,
43205160,2025/09/26,11,0,0,0.001,0.001,,0.024,,,,0.025,12,,,,,
43205160,2025/09/26,12,0.001,0,0.001,0.001,,0.032,,,,0.029,16,,,,,
43205160,2025/09/26,13,0,0.001,0.002,0.003,,0.035,,,,0.023,19,,,,,
43205160,2025/09/26,14,0.001,0.001,0.001,0.002,,0.034,,,,0.032,13,,,,,
43205160,2025/09/26,15,0.001,0,0.001,0.001,,0.033,,,,0.025,9,,,,,
43205160,2025/09/26,16,0.001,0,0.001,0.001,,0.034,,,,0.025,12,,,,,
43205160,2025/09/26,17,0.001,0,0.001,0.001,,0.030,,,,0.021,16,,,,,
43205160,2025/09/26,18,0,0,0.001,0.001,,0.026,,,,0.022,16,,,,,
43205160,2025/09/26,19,0,0,0.001,0.001,,0.023,,,,0.019,15,,,,,
43205160,2025/09/26,20,0,0,0.001,0.001,,0.019,,,,0.018,9,,,,,
43205160,2025/09/26,21,0,0,0.002,0.002,,0.011,,,,0.022,11,,,,,
43205160,2025/09/26,22,0,0,0.002,0.002,,0.008,,,,0.022,11,,,,,
43205160,2025/09/26,23,0,0,0.002,0.002,,0.006,,,,0.020,15,,,,,
43205160,2025/09/26,24,0,0,0.001,0.001,,0.005,,,,0.023,15,,,,,
43205160,2025/09/27,01,0,0,0.001,0.001,,0.004,,,,0.021,13,,,,,
43205160,2025/09/27,02,0,0.001,0.001,0.002,,0.003,,,,0.024,9,,,,,
43205160,2025/09/27,03,0,0,0.001,0.001,,0.003,,,,0.021,0,,,,,
43205160,2025/09/27,04,0,0.001,0.001,0.002,,0.003,,,,0.022,1,,,,,
43205160,2025/09/27,05,0,0.001,0.002,0.003,,0.003,,,,0.023,8,,,,,
43205160,2025/09/27,06,0,0.001,0.002,0.003,,0.002,,,,0.022,10,,,,,
43205160,2025/09/27,07,0,0.001,0.002,0.003,,0.004,,,,0.019,11,,,,,
43205160,2025/09/27,08,0,0.001,0.002,0.003,,0.014,,,,0.013,12,,,,,
43205160,2025/09/27,09,0,0,0.002,0.002,,0.036,,,,0.001,7,,,,,
43205160,2025/09/27,10,0,0,0.002,0.002,,0.046,,,,0.015,18,,,,,
43205160,2025/09/27,11,0,0,0.002,0.002,,0.050,,,,0.011,5,,,,,
43205160,2025/09/27,12,0,0,0.002,0.002,,0.052,,,,0.011,8,,,,,
43205160,2025/09/27,13,0,0,0.001,0.001,,0.050,,,,0.010,3,,,,,
43205160,2025/09/27,14,0,0,0.001,0.001,,0.050,,,,0.012,10,,,,,
43205160,2025/09/27,15,0,0,0.002,0.002,,0.043,,,,0.013,4,,,,,
43205160,2025/09/27,16,0,0,0.001,0.001,,0.047,,,,0.011,8,,,,,
43205160,2025/09/27,17,0,0,0.002,0.002,,0.039,,,,0.010,0,,,,,
43205160,2025/09/27,18,0,0,0.002,0.002,,0.033,,,,0.013,18,,,,,
43205160,2025/09/27,19,0,0,0.002,0.002,,0.025,,,,0.013,8,,,,,
43205160,2025/09/27,20,0,0,0.002,0.002,,0.020,,,,0.012,10,,,,,
43205160,2025/09/27,21,0,0,0.002,0.002,,0.013,,,,0.012,8,,,,,
43205160,2025/09/27,22,0,0,0.001,0.001,,0.011,,,,0.013,12,,,,,
43205160,2025/09/27,23,0,0,0.001,0.001,,0.012,,,,0.012,3,,,,,
43205160,2025/09/27,24,0,0,0.001,0.001,,0.008,,,,0.008,6,,,,,
43205160,2025/09/28,01,0,0,0.001,0.001,,0.011,,,,0.008,0,,,,,
43205160,2025/09/28,02,0,0,0.001,0.001,,0.014,,,,0.012,7,,,,,
43205160,2025/09/28,03,0,0,0.001,0.001,,0.012,,,,0.012,6,,,,,
43205160,2025/09/28,04,0,0,0.001,0.001,,0.013,,,,0.012,7,,,,,
43205160,2025/09/28,05,0,0,0.001,0.001,,0.019,,,,0.009,11,,,,,
43205160,2025/09/28,06,0,0,0.001,0.001,,0.015,,,,0.010,9,,,,,
43205160,2025/09/28,07,0,0,0.001,0.001,,0.016,,,,0.009,1,,,,,
43205160,2025/09/28,08,0,0,0.001,0.001,,0.016,,,,0.009,10,,,,,
43205160,2025/09/28,09,0.001,0.001,0.001,0.002,,0.016,,,,0.015,9,,,,,
43205160,2025/09/28,10,0,0,0.001,0.001,,0.022,,,,0.010,14,,,,,
43205160,2025/09/28,11,0.001,0,0.001,0.001,,0.028,,,,0.013,6,,,,,
43205160,2025/09/28,12,0.001,0,0.001,0.001,,0.032,,,,0.009,0,,,,,
43205160,2025/09/28,13,0.004,0,0.001,0.001,,0.035,,,,0.011,5,,,,,
43205160,2025/09/28,14,0.003,0,0.001,0.001,,0.037,,,,0.014,3,,,,,
43205160,2025/09/28,15,0.002,0,0.001,0.001,,0.036,,,,0.014,6,,,,,
43205160,2025/09/28,16,0.001,0,0.001,0.001,,0.035,,,,0.010,9,,,,,
43205160,2025/09/28,17,0.003,0,0.001,0.001,,0.035,,,,0.016,9,,,,,
43205160,2025/09/28,18,0.003,0,0.001,0.001,,0.031,,,,0.016,6,,,,,
43205160,2025/09/28,19,0.001,0,0.001,0.001,,0.034,,,,0.015,3,,,,,
43205160,2025/09/28,20,0,0,0.001,0.001,,0.025,,,,0.018,9,,,,,
43205160,2025/09/28,21,0,0,0.001,0.001,,0.020,,,,0.013,6,,,,,
43205160,2025/09/28,22,0,0,0.001,0.001,,0.017,,,,0.016,10,,,,,
43205160,2025/09/28,23,0,0,0.001,0.001,,0.015,,,,0.014,8,,,,,
43205160,2025/09/28,24,0,0,0.001,0.001,,0.014,,,,0.017,10,,,,,
43205160,2025/09/29,01,0,0,0.001,0.001,,0.017,,,,0.018,12,,,,,
43205160,2025/09/29,02,0,0,0.001,0.001,,0.017,,,,0.020,0,,,,,
43205160,2025/09/29,03,0,0,0.001,0.001,,0.022,,,,0.022,7,,,,,
43205160,2025/09/29,04,0.001,0,0.002,0.002,,0.034,,,,0.018,12,,,,,
43205160,2025/09/29,05,0,0,0.001,0.001,,0.030,,,,0.011,5,,,,,
43205160,2025/09/29,06,0,0,0.001,0.001,,0.024,,,,0.012,6,,,,,
43205160,2025/09/29,07,0,0,0.002,0.002,,0.019,,,,0.009,2,,,,,
43205160,2025/09/29,08,0,0.001,0.002,0.003,,0.018,,,,0.014,11,,,,,
43205160,2025/09/29,09,0.001,0,0.002,0.002,,0.027,,,,0.022,5,,,,,
43205160,2025/09/29,10,0,0,0.001,0.001,,0.035,,,,0.014,14,,,,,
43205160,2025/09/29,11,0,0,0.002,0.002,,0.039,,,,0.001,4,,,,,
43205160,2025/09/29,12,0,0,0.002,0.002,,0.040,,,,0.008,0,,,,,
43205160,2025/09/29,13,0,0,0.001,0.001,,0.046,,,,0.003,8,,,,,
43205160,2025/09/29,14,0,0,0.002,0.002,,0.051,,,,0.006,0,,,,,
43205160,2025/09/29,15,0,0,0.001,0.001,,0.050,,,,0.006,2,,,,,
43205160,2025/09/29,16,0,0,0.001,0.001,,0.056,,,,0.006,1,,,,,
43205160,2025/09/29,17,0,0,0.001,0.001,,0.061,,,,0.007,12,,,,,
43205160,2025/09/29,18,0,0,0.002,0.002,,0.064,,,,0.011,5,,,,,
43205160,2025/09/29,19,0,0,0.001,0.001,,0.063,,,,0.009,7,,,,,
43205160,2025/09/29,20,0,0,0.002,0.002,,0.046,,,,0.014,9,,,,,
43205160,2025/09/29,21,0,0,0.002,0.002,,0.029,,,,0.011,3,,,,,
43205160,2025/09/29,22,0,0,0.002,0.002,,0.023,,,,0.015,0,,,,,
43205160,2025/09/29,23,0,0,0.002,0.002,,0.027,,,,0.013,6,,,,,
43205160,2025/09/29,24,0,0,0.002,0.002,,0.043,,,,0.015,14,,,,,
43205160,2025/09/30,01,0,0,0.001,0.001,,0.015,,,,0.015,3,,,,,
43205160,2025/09/30,02,0,0,0.002,0.002,,0.015,,,,0.017,8,,,,,
43205160,2025/09/30,03,0,0,0.002,0.002,,0.016,,,,0.015,6,,,,,
43205160,2025/09/30,04,0,0,0.002,0.002,,0.016,,,,0.016,4,,,,,
43205160,2025/09/30,05,0,0,0.002,0.002,,0.016,,,,0.015,8,,,,,
43205160,2025/09/30,06,0,0,0.002,0.002,,0.016,,,,0.016,7,,,,,
43205160,2025/09/30,07,0,0.001,0.003,0.004,,0.014,,,,0.013,8,,,,,
43205160,2025/09/30,08,0,0.001,0.002,0.003,,0.013,,,,0.014,5,,,,,
43205160,2025/09/30,09,0,0.001,0.004,0.005,,0.032,,,,0.012,5,,,,,
43205160,2025/09/30,10,0,0.001,0.003,0.004,,0.041,,,,0.014,10,,,,,
43205160,2025/09/30,11,0,0.001,0.003,0.004,,0.048,,,,0.013,2,,,,,
43205160,2025/09/30,12,0,0,0.002,0.002,,0.053,,,,0.013,11,,,,,
43205160,2025/09/30,13,0,0,0.001,0.001,,0.058,,,,0.010,8,,,,,
43205160,2025/09/30,14,0,0,0.001,0.001,,0.061,,,,0.009,5,,,,,
43205160,2025/09/30,15,0,0,0.001,0.001,,0.061,,,,0.010,3,,,,,
43205160,2025/09/30,16,0,0,0.002,0.002,,0.062,,,,0.010,7,,,,,
43205160,2025/09/30,17,0,0,0.002,0.002,,0.060,,,,0.015,14,,,,,
43205160,2025/09/30,18,0,0,0.002,0.002,,0.056,,,,0.015,8,,,,,
43205160,2025/09/30,19,0,0,0.003,0.003,,0.042,,,,0.014,7,,,,,
43205160,2025/09/30,20,0,0,0.002,0.002,,0.026,,,,0.013,10,,,,,
43205160,2025/09/30,21,0,0,0.002,0.002,,0.024,,,,0.014,4,,,,,
43205160,2025/09/30,22,0,0,0.002,0.002,,0.023,,,,0.015,5,,,,,
43205160,2025/09/30,23,0,0,0.001,0.001,,0.021,,,,0.013,10,,,,,
43205160,2025/09/30,24,0,0,0.001,0.001,,0.020,,,,0.013,8,,,,,
